,index,Site,height_mean,height_count,height_std,area_mean,area_count,area_std,n
0,0,BART,13.22393574593396,7354534,4.597517610355562,18.525216096685167,7354534,13.586479282148815,31429.63247863248
1,1,BONA,7.155765599075102,14648966,3.7885071947712228,8.10189220934825,14648966,7.523650615380309,30839.92842105263
2,2,DELA,12.122235553921243,2700994,6.386859481958579,18.607746992386165,2700994,19.1511995008716,17314.0641025641
3,3,OSBS,9.62116704345899,8655677,4.239702943975451,16.926298587606453,8655677,15.237841156122418,20129.481395348837
4,4,SOAP,9.72971730790418,4853727,6.352220311667127,18.600073745373848,4853727,19.095600235958067,15556.817307692309
5,5,TEAK,12.531850790576241,5991863,8.054586734475743,18.987648265641134,5991863,18.468104002559688,13967.04662004662
6,6,WREF,19.173951706320448,10136785,10.918839309011966,21.572686687226554,10136785,19.40853930786479,24367.271634615383
