,index,Site,height_mean,height_count,height_std,area_mean,area_count,area_std,n
0,0,BART,13.533175233220861,7632122,4.566474712528576,18.364355142701818,7632122,13.462501267674678,39750.635416666664
1,1,BONA,7.390031080315556,13709807,3.8894769661709647,8.137425071000475,13709807,7.593239502383301,35609.888311688315
2,2,DELA,12.862623277831252,2604771,6.530267627903,17.75278653668891,2604771,18.483484234689566,23466.405405405407
3,3,OSBS,10.117394149837065,8409339,4.421913714542348,16.60766997380909,8409339,15.063471936372302,23166.22314049587
4,4,SOAP,9.33618852736922,4818718,5.998164940333382,18.59601375301752,4818718,19.05092735027609,19198.0796812749
5,5,TEAK,12.146292896792726,5736290,7.726349129874871,18.893608693060195,5736290,18.475124346660206,15630.217983651226
6,6,WREF,19.1037225377573,10078177,10.820822319906174,21.950249965920545,10078177,19.554060900967695,27460.972752043595
