,index,Site,height_mean,height_count,height_std,area_mean,area_count,area_std,n
0,0,BART,13.49141387514759,7398282,4.565377001361582,18.34181517417357,7398282,13.362998887088459,40208.05434782609
1,1,BONA,7.391132915576238,13633251,3.8938086886947376,8.132658770118404,13633251,7.585053410742715,35782.811023622045
2,2,DELA,12.880492537441048,2385805,6.56471396646239,17.655231160954838,2385805,18.359532314276354,24099.040404040403
3,3,OSBS,10.141499749299346,8250780,4.4331053437126435,16.632465046926963,8250780,15.084518872966585,23241.6338028169
4,4,SOAP,9.341056976009837,4704982,6.00177773565298,18.600036350811834,4704982,19.049776202163063,19282.713114754097
5,5,TEAK,12.149338686496652,5561932,7.713681855413565,18.847353004300913,5561932,18.429447905347704,15756.181303116147
6,6,WREF,19.14248725516366,9845968,10.792281472826298,21.992315112213817,9845968,19.559444733600714,27579.74229691877
