,Site,height,area,n
0,OSBS,13.57529272124292,16.930692051706558,20847.951162790698
1,DELA,16.049205832419073,18.448636540358656,18612.95512820513
2,SOAP,14.925775073584699,18.619951263760935,18819.25641025641
3,BONA,8.946990669690623,8.166061643918862,33417.86281588447
4,TEAK,20.848542771836758,18.577870385605006,14805.365967365968
5,BART,17.43559446655836,18.500990186952187,31861.722222222223
