,index,Site,height_mean,height_count,height_std,area_mean,area_count,area_std,n
0,0,BART,17.43559446655836,7455643,5.065455593921949,18.500990186952187,7455643,13.586403474141001,31861.722222222223
1,1,BONA,8.946990669690623,9256748,4.608837330479589,8.166061643918862,9256748,7.561406146708407,33417.86281588447
2,2,DELA,16.049205832419073,2903621,7.371126996605908,18.448636540358656,2903621,18.91195861627334,18612.95512820513
3,3,OSBS,13.57529272124292,8964619,5.012543725857364,16.930692051706558,8964619,15.224685858367861,20847.951162790698
4,4,SOAP,14.925775073584699,5871608,10.007744332635665,18.619951263760935,5871608,19.25063125869836,18819.25641025641
5,5,TEAK,20.848542771836758,6351502,11.84749687384692,18.577870385605006,6351502,18.3001439230361,14805.365967365968
