,index,Site,height_mean,height_count,height_std,area_mean,area_count,area_std,n
0,0,BART,11.855922411986475,81058,3.934525323410066,18.072129956376873,81058,13.032568578234454,40529.0
1,1,BONA,7.405302110554024,12234184,3.895375830493259,8.146017055190276,12234184,7.624119497313678,34078.5069637883
2,2,OSBS,10.15603931513543,7606749,4.407237096576195,16.679800811081634,7606749,15.059392948870864,21858.474137931036
3,3,TEAK,12.137591312448894,5445110,7.740511803812466,18.9475988271896,5445110,18.497654977452022,15125.305555555555
4,4,WREF,19.20559122009848,9153078,10.917661112517575,22.14103499836118,9153078,19.760590086852478,27160.46884272997
5,5,DELA,8.368060551132437,12518,3.5897903359778702,22.71935133404778,12518,19.665142301978047,6259.0
6,6,SOAP,11.69105167156049,38946,7.232952092616237,17.29354824627302,38946,16.68962035554486,19473.0
