,index,Site,height_mean,height_count,height_std,area_mean,area_count,area_std,n
0,0,BART,13.53317525036198,7632122,4.56647472854276,18.364355433577668,7632122,13.46250343578724,39750.635416666664
1,1,BONA,7.394047290633469,13644607,3.893251584166576,8.132783882333555,13644607,7.592946703930778,35625.60574412533
2,2,DELA,12.816452656570306,2481341,6.515706486831919,17.667150331196048,2481341,18.396336882227082,24090.68932038835
3,3,OSBS,10.125965670833754,8335137,4.419480564689521,16.625192474926664,8335137,15.077780933511008,23153.158333333333
4,4,SOAP,9.335616430124528,4805162,5.998240078754711,18.593399797949232,4805162,19.04871134139387,19220.648
5,5,TEAK,12.159380570159497,5689517,7.727707541823028,18.871857586490297,5689517,18.459946551890123,15716.897790055249
6,6,WREF,19.163408991448414,9770904,10.774280599656644,21.981794671277786,9770904,19.54923397922113,27601.42372881356
