,Site,mean,lower,upper
0,BART,32.849557522123895,4.6000000000000005,94.3999999999999
1,BONA,1135.547619047619,60.15,3254.999999999999
2,DELA,88.23529411764706,18.0,206.79999999999993
3,OSBS,198.15,36.900000000000006,490.94999999999936
4,SOAP,523.2416666666667,10.9,1020.4499999999999
5,TEAK,547.1625615763547,173.80000000000004,1590.0999999999972
