,Site,mean,lower,upper
0,BART,25.75221238938053,4.0,73.7999999999999
1,BONA,240.609756097561,13.0,885.0
2,DELA,52.64705882352941,8.2,135.99999999999997
3,OSBS,131.21,18.0,388.9499999999997
4,SOAP,372.87394957983196,14.000000000000004,877.2
5,TEAK,350.7881773399015,100.0,1122.6999999999944
