,Site,mean,lower,upper
0,BART,5.721649484536083,1.0,18.19999999999999
1,BONA,42.469565217391306,3.0,145.0
2,DELA,13.176470588235293,2.0,34.19999999999999
3,OSBS,39.62626262626262,5.850000000000001,107.89999999999941
4,SOAP,71.16239316239316,2.0,200.19999999999987
5,TEAK,52.3743842364532,12.100000000000001,96.0
6,WREF,33.093023255813954,4.0,80.79999999999995
