,Site,mean,lower,upper
0,BART,27.761061946902654,4.6000000000000005,77.7999999999999
1,BONA,460.0487804878049,23.0,1532.0
2,DELA,61.294117647058826,11.0,153.79999999999995
3,OSBS,149.78,23.85,418.6999999999991
4,SOAP,406.2773109243698,15.100000000000003,918.3
5,TEAK,396.3152709359606,113.0,1241.3999999999942
