,Site,mean,lower,upper
0,BART,10.235294117647058,1.0,32.0
1,BONA,107.57826086956521,6.0,356.64999999999964
2,DELA,21.470588235294116,2.0,81.59999999999997
3,OSBS,51.36,5.0,148.69999999999976
4,SOAP,67.53846153846153,2.0,184.2
5,TEAK,58.17733990147783,15.0,119.19999999999982
6,WREF,26.180232558139537,3.0,62.799999999999955
